rank,char,freq,freq_rank
1,一,3050722,2
2,乙,8313,1863
3,二,267506,157
4,十,338954,112
5,丁,23479,1168
6,厂,33468,963
7,七,76766,530
8,卜,7301,1967
9,人,1867999,7
10,入,192433,210
11,八,92700,451
12,九,94580,445
13,几,192355,211
14,儿,207827,192
15,了,2128528,5
16,力,359136,106
17,乃,23520,1165
18,刀,27292,1067
19,又,302933,126
20,三,304272,125
21,于,630524,40
22,干,120564,353
23,亏,9884,1731
24,士,115704,372
25,工,317532,118
26,土,79809,515
27,才,181725,235
28,寸,8056,1894
29,下,621185,42
30,大,1054064,17
31,丈,20372,1241
32,与,345532,108
33,万,134220,322
34,上,1069575,16
35,小,410987,83
36,口,191936,212
37,巾,4967,2250
38,山,168142,259
39,千,67843,599
40,乞,4073,2392
41,川,25575,1109
42,亿,27897,1057
43,个,1199580,12
44,勺,1357,3054
45,久,62588,637
46,凡,30533,1013
47,及,202671,198
48,夕,7025,1991
49,丸,3847,2421
50,么,477969,63
51,广,87900,468
52,亡,33917,957
53,门,212769,185
54,义,193507,208
55,之,609003,44
56,尸,13609,1514
57,弓,5315,2200
58,己,250894,162
59,已,318143,117
60,子,640640,37
61,卫,58408,669
62,也,710259,31
63,女,185188,224
64,飞,122290,347
65,刃,2858,2629
66,习,57329,676
67,叉,5299,2202
68,马,155772,276
69,乡,36025,922
70,丰,22439,1188
71,王,143948,299
72,井,15158,1429
73,开,377012,94
74,夫,114784,377
75,天,419884,78
76,无,359265,105
77,元,116488,370
78,专,84361,485
79,云,54510,692
80,扎,15600,1409
81,艺,45218,786
82,木,54433,694
83,五,154316,279
84,支,96814,437
85,厅,20989,1216
86,不,2237915,4
87,太,180490,240
88,犬,3042,2587
89,区,164775,265
90,历,85487,480
91,尤,25908,1099
92,友,68196,594
93,匹,8025,1898
94,车,118824,361
95,巨,36351,913
96,牙,31466,997
97,屯,2268,2763
98,比,200645,199
99,互,42579,819
100,切,126391,337
101,瓦,22229,1194
102,止,68082,596
103,少,183018,233
104,日,363763,101
105,中,1104541,14
106,冈,6651,2033
107,贝,24675,1133
108,内,231331,175
109,水,198933,202
110,见,269080,153
111,午,30985,1004
112,牛,30047,1018
113,手,280442,143
114,毛,64522,623
115,气,190687,217
116,升,41105,837
117,长,342148,109
118,仁,17263,1357
119,什,267869,156
120,片,90559,455
121,仆,8976,1804
122,化,224729,178
123,仇,13118,1533
124,币,22592,1187
125,仍,67490,601
126,仅,82729,494
127,斤,8365,1857
128,爪,4419,2328
129,反,181385,237
130,介,41749,831
131,父,68576,589
132,从,369958,98
133,今,126624,336
134,凶,16707,1376
135,分,419382,79
136,乏,16010,1397
137,公,318626,115
138,仓,8275,1873
139,月,240566,169
140,氏,13868,1497
141,勿,3400,2512
142,欠,7682,1935
143,风,121803,348
144,丹,19171,1278
145,匀,2890,2623
146,乌,20291,1243
147,凤,13817,1501
148,勾,6780,2021
149,文,274222,148
150,六,85830,478
151,方,492763,60
152,火,97760,433
153,为,1039036,18
154,斗,69456,580
155,忆,17829,1331
156,订,22991,1175
157,计,171949,251
158,户,43810,801
159,认,191866,213
160,心,392228,90
161,尺,14422,1471
162,引,85740,479
163,丑,8067,1892
164,巴,74917,546
165,孔,18890,1287
166,队,162938,268
167,办,116904,367
168,以,910627,23
169,允,15027,1440
170,予,35757,925
171,劝,12587,1559
172,双,69440,581
173,书,151357,282
174,幻,15371,1415
175,玉,31279,1001
176,刊,20458,1240
177,示,98963,425
178,末,23526,1164
179,未,110491,385
180,击,107513,395
181,打,186146,223
182,巧,20964,1218
183,正,296810,129
184,扑,13748,1506
185,扒,1623,2960
186,功,92052,452
187,扔,8045,1895
188,去,476270,64
189,甘,15654,1406
190,世,214990,181
191,古,80454,509
192,节,80074,514
193,本,388118,92
194,术,131634,328
195,可,723108,30
196,丙,3055,2583
197,左,45568,782
198,厉,17726,1337
199,右,45561,783
200,石,102149,414
201,布,113652,380
202,龙,54169,696
203,平,191267,215
204,灭,34135,953
205,轧,1367,3049
206,东,206238,194
207,卡,52244,717
208,北,136939,315
209,占,49980,737
210,业,296169,130
211,旧,36291,915
212,帅,8249,1879
213,归,35153,933
214,且,144597,295
215,旦,18569,1298
216,目,180827,239
217,叶,36032,920
218,甲,25620,1106
219,申,25531,1110
220,叮,3188,2553
221,电,183834,230
222,号,84335,487
223,田,45886,778
224,由,292199,136
225,史,90469,456
226,只,370059,97
227,央,44052,799
228,兄,26386,1089
229,叼,797,3259
230,叫,110131,387
231,另,83702,489
232,叨,2344,2748
233,叹,18587,1297
234,四,184874,226
235,生,682031,34
236,失,115346,375
237,禾,936,3218
238,丘,7886,1918
239,付,42527,820
240,仗,10263,1705
241,代,231734,174
242,仙,20051,1254
243,们,1169853,13
244,仪,19064,1281
245,白,148728,286
246,仔,12428,1569
247,他,1595761,10
248,斥,8464,1848
249,瓜,8740,1819
250,乎,90127,458
251,丛,10665,1671
252,令,114570,378
253,用,535480,51
254,甩,3208,2545
255,印,62179,640
256,乐,64965,619
257,句,52891,707
258,匆,11540,1619
259,册,13462,1522
260,犯,47098,767
261,外,295645,131
262,处,194237,206
263,冬,16368,1382
264,鸟,19698,1261
265,务,176085,245
266,包,91240,454
267,饥,5689,2147
268,主,399693,87
269,市,169522,254
270,立,204985,197
271,闪,25427,1113
272,兰,61951,642
273,半,80183,513
274,汁,3564,2492
275,汇,22608,1186
276,头,274911,147
277,汉,52656,711
278,宁,30001,1019
279,穴,7772,1928
280,它,346173,107
281,讨,41717,833
282,写,93710,448
283,让,125660,339
284,礼,35612,926
285,训,29911,1022
286,必,174963,248
287,议,116810,368
288,讯,20488,1237
289,记,139501,306
290,永,40936,842
291,司,155229,278
292,尼,60474,654
293,民,335796,113
294,出,755256,28
295,辽,6300,2067
296,奶,19219,1276
297,奴,15917,1400
298,加,243648,166
299,召,21098,1212
300,皮,49803,741
301,边,136277,316
302,发,572904,47
303,孕,6256,2075
304,圣,33620,960
305,对,703632,33
306,台,109362,388
307,矛,15059,1438
308,纠,10064,1716
309,母,71462,565
310,幼,12257,1574
311,丝,29585,1026
312,式,142292,303
313,刑,26453,1087
314,动,426839,73
315,扛,1921,2857
316,寺,8200,1883
317,吉,40081,856
318,扣,11505,1622
319,考,82688,495
320,托,44052,800
321,老,223050,179
322,执,47543,763
323,巩,4344,2348
324,圾,3102,2572
325,扩,28331,1051
326,扫,15140,1433
327,地,969349,21
328,扬,26509,1084
329,场,173632,249
330,耳,37939,887
331,共,128824,330
332,芒,5174,2221
333,亚,100251,420
334,芝,5832,2124
335,朽,3526,2495
336,朴,6261,2073
337,机,339823,111
338,权,144506,297
339,过,589925,46
340,臣,24553,1138
341,再,179607,242
342,协,50123,735
343,西,243619,167
344,压,48038,756
345,厌,11376,1629
346,在,2009181,6
347,有,1782004,8
348,百,103938,407
349,存,110970,384
350,而,649239,36
351,页,24861,1128
352,匠,6142,2090
353,夸,7594,1943
354,夺,22148,1198
355,灰,18298,1309
356,达,147907,289
357,列,82418,500
358,死,136194,317
359,成,499007,59
360,夹,9574,1751
361,轨,8273,1874
362,邪,12952,1536
363,划,78648,522
364,迈,10432,1691
365,毕,26148,1093
366,至,163582,267
367,此,318534,116
368,贞,4414,2331
369,师,128086,333
370,尘,10137,1711
371,尖,18036,1319
372,劣,8067,1893
373,光,147639,290
374,当,429274,71
375,早,89623,462
376,吐,11132,1648
377,吓,14620,1463
378,虫,18909,1285
379,曲,27401,1066
380,团,104151,405
381,同,437611,69
382,吊,6637,2036
383,吃,85976,475
384,因,371612,96
385,吸,35891,924
386,吗,91639,453
387,屿,3098,2573
388,帆,3874,2418
389,岁,46835,772
390,回,239243,172
391,岂,10036,1719
392,刚,64622,621
393,则,149042,284
394,肉,30820,1009
395,网,67118,605
396,年,601887,45
397,朱,25195,1120
398,先,210628,188
399,丢,11285,1635
400,舌,7511,1946
401,竹,12000,1585
402,迁,11433,1626
403,乔,14107,1485
404,伟,25591,1107
405,传,128186,332
406,乒,1086,3144
407,乓,1032,3175
408,休,26539,1082
409,伍,14425,1469
410,伏,16181,1387
411,优,46613,774
412,伐,9028,1802
413,延,25768,1103
414,件,172895,250
415,任,212485,186
416,伤,59632,660
417,价,103634,409
418,份,45408,784
419,华,103158,412
420,仰,16940,1366
421,仿,19870,1257
422,伙,28724,1047
423,伪,12654,1553
424,自,611687,43
425,血,59944,658
426,向,276986,146
427,似,98057,431
428,后,570764,48
429,行,531848,53
430,舟,5363,2196
431,全,305248,124
432,会,734888,29
433,杀,68776,587
434,合,239277,171
435,兆,5204,2216
436,企,93453,450
437,众,80390,510
438,爷,30930,1006
439,伞,5511,2174
440,创,63156,635
441,肌,7830,1924
442,朵,12435,1568
443,杂,40265,853
444,危,42080,826
445,旬,4671,2299
446,旨,10590,1678
447,负,54616,691
448,各,193435,209
449,名,198481,203
450,多,481689,61
451,争,124420,344
452,色,142231,304
453,壮,15151,1430
454,冲,53378,702
455,冰,27201,1070
456,庄,29679,1024
457,庆,19487,1267
458,亦,37960,886
459,刘,48600,751
460,齐,27480,1063
461,交,135727,320
462,次,214857,183
463,衣,51134,725
464,产,265164,159
465,决,157959,273
466,充,54812,690
467,妄,6228,2078
468,闭,19515,1265
469,问,288237,137
470,闯,5954,2107
471,羊,17763,1335
472,并,281616,141
473,关,302473,127
474,米,69668,575
475,灯,25401,1115
476,州,51533,721
477,汗,14011,1487
478,污,15696,1403
479,江,69602,577
480,池,10289,1702
481,汤,11620,1615
482,忙,42026,827
483,兴,76760,531
484,宇,23891,1156
485,守,44264,796
486,宅,8464,1849
487,字,108218,393
488,安,183210,232
489,讲,73220,555
490,军,362526,102
491,许,166034,263
492,论,197165,205
493,农,88412,465
494,讽,4713,2289
495,设,142742,302
496,访,29134,1037
497,寻,33469,962
498,那,638538,38
499,迅,26321,1090
500,尽,84270,488
501,导,124463,343
502,异,52735,709
503,孙,31506,995
504,阵,44899,788
505,阳,60867,650
506,收,120897,351
507,阶,49058,745
508,阴,31936,987
509,防,74459,548
510,奸,7132,1980
511,如,449036,67
512,妇,35188,932
513,好,411866,82
514,她,388612,91
515,妈,48622,750
516,戏,29402,1033
517,羽,8366,1856
518,观,127796,334
519,欢,55294,685
520,买,47788,758
521,红,81852,502
522,纤,6166,2086
523,级,102018,415
524,约,99148,424
525,纪,69045,584
526,驰,6199,2081
527,巡,12852,1541
528,寿,11646,1612
529,弄,28205,1053
530,麦,23271,1171
531,形,162049,269
532,进,412166,81
533,戒,12510,1563
534,吞,9142,1789
535,远,110455,386
536,违,22751,1183
537,运,123903,345
538,扶,11659,1609
539,抚,10100,1713
540,坛,9049,1798
541,技,99790,422
542,坏,41723,832
543,扰,14252,1480
544,拒,17892,1329
545,找,88247,466
546,批,70580,569
547,扯,6325,2066
548,址,8541,1840
549,走,193619,207
550,抄,5433,2186
551,坝,2552,2701
552,贡,12785,1545
553,攻,68747,588
554,赤,10981,1654
555,折,24737,1131
556,抓,31675,992
557,扮,7372,1962
558,抢,15596,1410
559,孝,6112,2096
560,均,36842,903
561,抛,10477,1685
562,投,79708,516
563,坟,4402,2335
564,抗,47342,766
565,坑,5223,2212
566,坊,3546,2493
567,抖,9584,1750
568,护,76993,529
569,壳,7813,1925
570,志,75904,542
571,扭,9054,1797
572,块,44475,793
573,声,206083,195
574,把,340730,110
575,报,182411,234
576,却,148679,287
577,劫,8752,1817
578,芽,2717,2660
579,花,103367,410
580,芹,765,3271
581,芬,8218,1881
582,苍,10027,1721
583,芳,12015,1583
584,严,75278,545
585,芦,3806,2435
586,劳,56119,679
587,克,166044,262
588,苏,68487,590
589,杆,6944,1999
590,杠,1732,2919
591,杜,19246,1275
592,材,34237,952
593,村,52603,712
594,杏,2538,2705
595,极,117736,363
596,李,86593,472
597,杨,27561,1062
598,求,138216,312
599,更,187378,221
600,束,31370,998
601,豆,9179,1785
602,两,294600,133
603,丽,41363,834
604,医,84620,482
605,辰,4755,2284
606,励,14512,1465
607,否,64772,620
608,还,415855,80
609,歼,8910,1807
610,来,1079469,15
611,连,106814,399
612,步,121267,349
613,坚,48749,748
614,旱,3636,2478
615,盯,8041,1896
616,呈,12567,1560
617,时,833532,25
618,吴,24632,1135
619,助,66867,607
620,县,38407,877
621,里,537795,50
622,呆,17746,1336
623,园,31925,988
624,旷,2731,2658
625,围,69641,576
626,呀,35343,929
627,吨,10403,1693
628,足,77385,527
629,邮,11137,1647
630,男,67405,602
631,困,39172,868
632,吵,6709,2027
633,串,8695,1824
634,员,200217,200
635,听,148988,285
636,吩,4866,2266
637,吹,16180,1388
638,呜,3341,2519
639,吧,87536,470
640,吼,5814,2125
641,别,186634,222
642,岗,9163,1787
643,帐,11798,1600
644,财,56037,680
645,针,25384,1116
646,钉,5059,2236
647,告,138285,310
648,我,1690048,9
649,乱,47474,765
650,利,268813,155
651,秃,3640,2477
652,秀,24620,1136
653,私,29700,1023
654,每,119594,359
655,兵,106982,398
656,估,17943,1324
657,体,273792,149
658,何,184335,229
659,但,374459,95
660,伸,23732,1161
661,作,542791,49
662,伯,42513,821
663,伶,2148,2792
664,佣,3517,2497
665,低,68424,592
666,你,705205,32
667,住,138503,309
668,位,214983,182
669,伴,18678,1296
670,身,249725,164
671,皂,1691,2934
672,佛,47038,771
673,近,115441,374
674,彻,20461,1239
675,役,20254,1244
676,返,15179,1428
677,余,50601,729
678,希,80460,508
679,坐,66293,611
680,谷,26005,1095
681,妥,8634,1832
682,含,34759,937
683,邻,10996,1653
684,岔,1599,2968
685,肝,9551,1753
686,肚,9102,1792
687,肠,7939,1910
688,龟,4265,2356
689,免,48044,755
690,狂,24259,1147
691,犹,20747,1229
692,角,50081,736
693,删,2577,2696
694,条,191280,214
695,卵,6971,1996
696,岛,44056,798
697,迎,27228,1069
698,饭,35076,935
699,饮,12453,1566
700,系,190769,216
701,言,120308,355
702,冻,5984,2105
703,状,64495,624
704,亩,4439,2324
705,况,100680,419
706,床,27283,1068
707,库,25924,1097
708,疗,34467,949
709,应,280384,144
710,冷,53460,700
711,这,1552042,11
712,序,41129,836
713,辛,14713,1460
714,弃,25730,1105
715,冶,2525,2706
716,忘,27961,1056
717,闲,13316,1526
718,间,292227,135
719,闷,8708,1822
720,判,52045,719
721,灶,2891,2622
722,灿,3254,2534
723,弟,42706,816
724,汪,8294,1867
725,沙,40573,848
726,汽,22098,1199
727,沃,9047,1799
728,泛,17928,1325
729,沟,11735,1607
730,没,428146,72
731,沈,10628,1674
732,沉,48772,747
733,怀,47561,762
734,忧,14753,1458
735,快,116923,366
736,完,143120,301
737,宋,31748,990
738,宏,9134,1790
739,牢,10454,1689
740,究,98377,429
741,穷,17672,1341
742,灾,17531,1347
743,良,41167,835
744,证,115610,373
745,启,18041,1318
746,评,42966,809
747,补,34542,944
748,初,58587,667
749,社,159527,270
750,识,125220,340
751,诉,68147,595
752,诊,15931,1399
753,词,33669,959
754,译,22170,1197
755,君,31960,985
756,灵,50134,734
757,即,146459,293
758,层,53705,699
759,尿,8292,1868
760,尾,19076,1280
761,迟,16808,1372
762,局,84587,483
763,改,121023,350
764,张,136087,318
765,忌,7938,1911
766,际,99412,423
767,陆,57430,675
768,阿,87159,471
769,陈,77914,525
770,阻,23151,1174
771,附,35955,923
772,妙,20165,1249
773,妖,8337,1860
774,妨,8311,1864
775,努,26564,1081
776,忍,24862,1127
777,劲,17307,1356
778,鸡,16164,1389
779,驱,13692,1508
780,纯,24890,1125
781,纱,4069,2393
782,纳,55597,684
783,纲,7832,1923
784,驳,6879,2010
785,纵,20599,1235
786,纷,22820,1180
787,纸,30001,1020
788,纹,9463,1761
789,纺,4175,2372
790,驴,3532,2494
791,纽,9466,1760
792,奉,16453,1380
793,玩,27043,1072
794,环,55971,681
795,武,81863,501
796,青,82619,497
797,责,76377,535
798,现,433960,70
799,表,226768,177
800,规,134528,321
801,抹,6299,2068
802,拢,4390,2338
803,拔,13865,1499
804,拣,1981,2840
805,担,51792,720
806,坦,30341,1017
807,押,9401,1768
808,抽,22937,1177
809,拐,5282,2203
810,拖,13973,1489
811,拍,23483,1167
812,者,360974,103
813,顶,31318,1000
814,拆,6412,2059
815,拥,27833,1059
816,抵,25228,1119
817,拘,6224,2079
818,势,80705,506
819,抱,25069,1122
820,垃,3127,2566
821,拉,134051,324
822,拦,7091,1984
823,拌,950,3210
824,幸,37198,902
825,招,34625,941
826,坡,12758,1547
827,披,6790,2019
828,拨,9047,1800
829,择,33615,961
830,抬,16315,1384
831,其,403028,85
832,取,134102,323
833,苦,63194,634
834,若,60736,651
835,茂,4798,2276
836,苹,3805,2436
837,苗,7946,1909
838,英,116193,371
839,范,53033,705
840,直,169439,255
841,茄,1596,2969
842,茎,2956,2609
843,茅,4637,2306
844,林,117675,364
845,枝,13982,1488
846,杯,16068,1394
847,柜,7101,1982
848,析,27019,1073
849,板,35332,930
850,松,37563,895
851,枪,38569,874
852,构,80364,511
853,杰,24796,1129
854,述,57744,674
855,枕,3206,2547
856,丧,15731,1402
857,或,260786,160
858,画,38263,883
859,卧,7696,1932
860,事,499172,58
861,刺,27891,1058
862,枣,2319,2755
863,雨,35370,928
864,卖,32694,974
865,矿,16360,1383
866,码,17626,1343
867,厕,2118,2806
868,奔,18989,1283
869,奇,71919,563
870,奋,19499,1266
871,态,77219,528
872,欧,42504,823
873,垄,4642,2303
874,妻,26847,1076
875,轰,19670,1262
876,顷,2753,2651
877,转,115087,376
878,斩,3844,2422
879,轮,25958,1096
880,软,28885,1043
881,到,965035,22
882,非,149915,283
883,叔,15310,1420
884,肯,39813,860
885,齿,9415,1766
886,些,400528,86
887,虎,26514,1083
888,虏,3811,2432
889,肾,4437,2326
890,贤,7713,1931
891,尚,38376,878
892,旺,5529,2171
893,具,108811,391
894,果,246831,165
895,味,40704,844
896,昆,9557,1752
897,国,985350,20
898,昌,11787,1603
899,畅,6012,2102
900,明,309873,121
901,易,89730,461
902,昂,7637,1940
903,典,28860,1044
904,固,37582,893
905,忠,18021,1320
906,咐,6257,2074
907,呼,40709,843
908,鸣,10636,1673
909,咏,1067,3156
910,呢,112185,383
911,岸,32807,971
912,岩,15279,1421
913,帖,2191,2782
914,罗,108376,392
915,帜,2452,2725
916,岭,5429,2187
917,凯,14990,1444
918,败,39627,862
919,贩,3837,2425
920,购,26803,1078
921,图,85957,476
922,钓,4813,2272
923,制,250754,163
924,知,306384,123
925,垂,11949,1589
926,牧,12193,1577
927,物,281146,142
928,乖,3828,2428
929,刮,4565,2315
930,秆,502,3400
931,和,1010465,19
932,季,19211,1277
933,委,90263,457
934,佳,12061,1580
935,侍,8320,1862
936,供,74168,550
937,使,316273,119
938,例,74579,547
939,版,42853,810
940,侄,2987,2600
941,侦,14329,1476
942,侧,20960,1219
943,凭,15619,1408
944,侨,4633,2307
945,佩,13784,1504
946,货,42602,818
947,依,70632,568
948,的,7922684,1
949,迫,30930,1007
950,质,104560,404
951,欣,13500,1520
952,征,49855,739
953,往,116539,369
954,爬,15255,1424
955,彼,20021,1255
956,径,18428,1305
957,所,523028,54
958,舍,17647,1342
959,金,167912,260
960,命,168358,258
961,斧,2598,2688
962,爸,28526,1050
963,采,68946,585
964,受,180928,238
965,乳,8701,1823
966,贪,8304,1865
967,念,85953,477
968,贫,17263,1358
969,肤,9214,1782
970,肺,6692,2030
971,肢,4651,2302
972,肿,9202,1783
973,胀,6327,2065
974,朋,38271,882
975,股,61861,644
976,肥,11594,1617
977,服,116961,365
978,胁,13948,1491
979,周,83366,490
980,昏,12600,1558
981,鱼,40452,852
982,兔,4418,2329
983,狐,4718,2288
984,忽,36378,912
985,狗,19093,1279
986,备,107114,397
987,饰,11794,1601
988,饱,7059,1986
989,饲,7399,1959
990,变,185121,225
991,京,71245,566
992,享,20830,1226
993,店,28926,1041
994,夜,58839,665
995,庙,8220,1880
996,府,100771,417
997,底,75728,543
998,剂,12821,1543
999,郊,4565,2316
1000,废,16754,1374
1001,净,16751,1375
1002,盲,6395,2062
1003,放,147600,291
1004,刻,65015,618
1005,育,66551,609
1006,闸,1352,3055
1007,闹,17764,1334
1008,郑,24716,1132
1009,券,14293,1478
1010,卷,30343,1016
1011,单,109359,389
1012,炒,3260,2533
1013,炊,1262,3081
1014,炕,1949,2847
1015,炎,17971,1322
1016,炉,7295,1968
1017,沫,3731,2453
1018,浅,10088,1714
1019,法,466816,65
1020,泄,6955,1998
1021,河,69687,574
1022,沾,4201,2366
1023,泪,19411,1269
1024,油,34469,948
1025,泊,6695,2029
1026,沿,22781,1181
1027,泡,7046,1988
1028,注,82869,492
1029,泻,2816,2642
1030,泳,3198,2550
1031,泥,13874,1495
1032,沸,2860,2628
1033,波,58859,664
1034,泼,4688,2293
1035,泽,34311,951
1036,治,156904,274
1037,怖,9400,1769
1038,性,309844,122
1039,怕,63520,631
1040,怜,11848,1596
1041,怪,46600,775
1042,学,464261,66
1043,宝,42836,811
1044,宗,50799,727
1045,定,422538,77
1046,宜,18833,1288
1047,审,48862,746
1048,宙,15331,1419
1049,官,97897,432
1050,空,158539,272
1051,帘,3875,2417
1052,实,368494,100
1053,试,61912,643
1054,郎,14845,1454
1055,诗,36762,906
1056,肩,15528,1413
1057,房,80320,512
1058,诚,23947,1154
1059,衬,3700,2460
1060,衫,5802,2127
1061,视,96326,438
1062,话,240067,170
1063,诞,7085,1985
1064,询,11643,1614
1065,该,136053,319
1066,详,15099,1437
1067,建,178289,244
1068,肃,13581,1515
1069,录,36080,919
1070,隶,9100,1793
1071,居,56307,678
1072,届,13521,1519
1073,刷,8773,1816
1074,屈,10591,1677
1075,弦,5117,2228
1076,承,62285,639
1077,孟,12274,1572
1078,孤,17817,1332
1079,陕,5769,2133
1080,降,49306,744
1081,限,66018,613
1082,妹,22723,1184
1083,姑,31647,994
1084,姐,41762,830
1085,姓,24142,1149
1086,始,112987,381
1087,驾,12492,1564
1088,参,80663,507
1089,艰,11164,1643
1090,线,98261,430
1091,练,30963,1005
1092,组,119734,358
1093,细,67915,597
1094,驶,13537,1517
1095,织,69482,578
1096,终,72533,558
1097,驻,18901,1286
1098,驼,3084,2576
1099,绍,20681,1233
1100,经,481338,62
1101,贯,14361,1475
1102,奏,12859,1540
1103,春,36027,921
1104,帮,47065,769
1105,珍,18144,1312
1106,玻,9447,1762
1107,毒,34517,947
1108,型,73216,556
1109,挂,20706,1231
1110,封,38954,871
1111,持,119990,357
1112,项,70453,571
1113,垮,2958,2607
1114,挎,574,3358
1115,城,102833,413
1116,挠,2523,2707
1117,政,269878,150
1118,赴,8594,1835
1119,赵,23428,1169
1120,挡,7851,1922
1121,挺,14615,1464
1122,括,40519,850
1123,拴,1537,2990
1124,拾,7497,1949
1125,挑,18417,1307
1126,指,166865,261
1127,垫,3233,2540
1128,挣,8297,1866
1129,挤,10920,1655
1130,拼,8842,1812
1131,挖,8449,1851
1132,按,69984,573
1133,挥,49702,742
1134,挪,5500,2177
1135,某,79482,517
1136,甚,64438,626
1137,革,78685,521
1138,荐,4406,2332
1139,巷,4221,2363
1140,带,124619,342
1141,草,44612,789
1142,茧,904,3227
1143,茶,19404,1270
1144,荒,17924,1326
1145,茫,7659,1939
1146,荡,15268,1422
1147,荣,31662,993
1148,故,70067,572
1149,胡,43199,806
1150,南,139078,307
1151,药,59090,662
1152,标,86324,473
1153,枯,5582,2161
1154,柄,5229,2211
1155,栋,2830,2638
1156,相,269125,152
1157,查,90039,459
1158,柏,11902,1593
1159,柳,12642,1554
1160,柱,10504,1684
1161,柿,1221,3094
1162,栏,6182,2082
1163,树,54037,697
1164,要,811011,26
1165,咸,3627,2480
1166,威,64559,622
1167,歪,5251,2209
1168,研,93761,447
1169,砖,4512,2320
1170,厘,5096,2232
1171,厚,20624,1234
1172,砌,1442,3020
1173,砍,5418,2189
1174,面,425180,74
1175,耐,15629,1407
1176,耍,5109,2230
1177,牵,10641,1672
1178,残,24030,1150
1179,殃,964,3206
1180,轻,89852,460
1181,鸦,4236,2361
1182,皆,15357,1417
1183,背,45181,787
1184,战,278776,145
1185,点,300800,128
1186,临,41068,839
1187,览,8259,1877
1188,竖,3698,2462
1189,省,58642,666
1190,削,9169,1786
1191,尝,11557,1618
1192,是,2615490,3
1193,盼,5689,2148
1194,眨,4393,2336
1195,哄,3660,2471
1196,显,87825,469
1197,哑,4406,2333
1198,冒,20917,1221
1199,映,18102,1314
1200,星,76320,537
1201,昨,14406,1472
1202,畏,6722,2026
1203,趴,1942,2849
1204,胃,7533,1945
1205,贵,38668,873
1206,界,148438,288
1207,虹,5670,2150
1208,虾,2338,2751
1209,蚁,3653,2474
1210,思,144503,298
1211,蚂,2206,2780
1212,虽,81097,504
1213,品,138528,308
1214,咽,6818,2018
1215,骂,14976,1446
1216,哗,3759,2444
1217,咱,19554,1263
1218,响,81702,503
1219,哈,52475,713
1220,咬,11029,1652
1221,咳,4390,2339
1222,哪,60708,652
1223,炭,4405,2334
1224,峡,10028,1720
1225,罚,21011,1214
1226,贱,3270,2531
1227,贴,14888,1451
1228,骨,29180,1036
1229,钞,3049,2585
1230,钟,36770,905
1231,钢,11738,1606
1232,钥,3772,2439
1233,钩,5140,2224
1234,卸,3795,2437
1235,缸,2437,2728
1236,拜,20978,1217
1237,看,424616,76
1238,矩,5766,2134
1239,怎,112294,382
1240,牲,12107,1579
1241,选,82498,499
1242,适,58927,663
1243,秒,6829,2015
1244,香,46525,776
1245,种,503344,57
1246,秋,24030,1151
1247,科,155750,277
1248,重,282843,140
1249,复,98822,426
1250,竿,2083,2816
1251,段,71172,567
1252,便,159479,271
1253,俩,12340,1571
1254,贷,11793,1602
1255,顺,34708,938
1256,修,49829,740
1257,保,164424,266
1258,促,25792,1102
1259,侮,3144,2560
1260,俭,2193,2781
1261,俗,17463,1352
1262,俘,6594,2043
1263,信,230248,176
1264,皇,47750,759
1265,泉,11237,1637
1266,鬼,28916,1042
1267,侵,26466,1086
1268,追,47079,768
1269,俊,8543,1839
1270,盾,16080,1393
1271,待,57757,673
1272,律,77818,526
1273,很,284252,138
1274,须,94903,444
1275,叙,11786,1604
1276,剑,39020,869
1277,逃,31468,996
1278,食,58110,671
1279,盆,6780,2022
1280,胆,17486,1350
1281,胜,49565,743
1282,胞,17702,1339
1283,胖,8184,1884
1284,脉,11932,1591
1285,勉,6398,2061
1286,狭,6901,2006
1287,狮,5456,2184
1288,独,64201,627
1289,狡,2971,2604
1290,狱,11886,1594
1291,狠,11116,1649
1292,贸,26198,1092
1293,怨,11305,1633
1294,急,60141,657
1295,饶,5079,2235
1296,蚀,3131,2563
1297,饺,856,3243
1298,饼,4439,2325
1299,弯,10917,1656
1300,将,295586,132
1301,奖,20690,1232
1302,哀,9693,1744
1303,亭,7041,1990
1304,亮,41016,840
1305,度,214376,184
1306,迹,25920,1098
1307,庭,35205,931
1308,疮,1681,2940
1309,疯,12771,1546
1310,疫,9202,1784
1311,疤,1765,2911
1312,姿,8092,1890
1313,亲,118451,362
1314,音,76043,540
1315,帝,66035,612
1316,施,73861,553
1317,闻,42253,825
1318,阀,2970,2605
1319,阁,10595,1675
1320,差,50349,732
1321,养,47702,760
1322,美,269452,151
1323,姜,4261,2358
1324,叛,9361,1772
1325,送,60182,656
1326,类,138280,311
1327,迷,23959,1153
1328,前,381431,93
1329,首,85036,481
1330,逆,7339,1963
1331,总,184470,228
1332,炼,9528,1756
1333,炸,32540,976
1334,炮,36315,914
1335,烂,9635,1747
1336,剃,1337,3060
1337,洁,13261,1528
1338,洪,17526,1348
1339,洒,4961,2252
1340,浇,2265,2765
1341,浊,1924,2854
1342,洞,30399,1015
1343,测,39752,861
1344,洗,20229,1246
1345,活,189876,219
1346,派,76750,532
1347,洽,1809,2900
1348,染,24444,1141
1349,济,119161,360
1350,洋,43692,803
1351,洲,53429,701
1352,浑,7136,1979
1353,浓,12016,1582
1354,津,17470,1351
1355,恒,9483,1757
1356,恢,17123,1362
1357,恰,18420,1306
1358,恼,10356,1697
1359,恨,18702,1293
1360,举,68924,586
1361,觉,132041,327
1362,宣,47041,770
1363,室,52846,708
1364,宫,32179,982
1365,宪,14251,1481
1366,突,84474,484
1367,穿,45314,785
1368,窃,6174,2084
1369,客,69108,583
1370,冠,10217,1706
1371,语,82805,493
1372,扁,9917,1730
1373,袄,1057,3162
1374,祖,29644,1025
1375,神,184554,227
1376,祝,11144,1646
1377,误,40196,854
1378,诱,10307,1700
1379,说,874977,24
1380,诵,3447,2507
1381,垦,1819,2899
1382,退,51272,723
1383,既,51208,724
1384,屋,39588,863
1385,昼,3036,2589
1386,费,84359,486
1387,陡,4421,2327
1388,眉,14763,1457
1389,孩,76620,533
1390,除,89272,464
1391,险,58047,672
1392,院,126115,338
1393,娃,8662,1825
1394,姥,2249,2772
1395,姨,4928,2256
1396,姻,6998,1995
1397,娇,5772,2132
1398,怒,24374,1143
1399,架,40619,846
1400,贺,10507,1683
1401,盈,6142,2091
1402,勇,21819,1205
1403,怠,1847,2888
1404,柔,12389,1570
1405,垒,4134,2380
1406,绑,4112,2384
1407,绒,2929,2612
1408,结,181674,236
1409,绕,14172,1482
1410,骄,5196,2218
1411,绘,9039,1801
1412,给,217815,180
1413,络,25256,1118
1414,骆,2290,2757
1415,绝,72074,562
1416,绞,2963,2606
1417,统,165820,264
1418,耕,8525,1842
1419,耗,9999,1723
1420,艳,6172,2085
1421,泰,18069,1316
1422,珠,18916,1284
1423,班,38130,884
1424,素,59100,661
1425,蚕,2549,2702
1426,顽,6868,2012
1427,盏,2486,2716
1428,匪,5511,2175
1429,捞,3681,2466
1430,栽,4215,2365
1431,捕,18236,1310
1432,振,24469,1140
1433,载,32456,977
1434,赶,36599,908
1435,起,424933,75
1436,盐,8266,1876
1437,捎,913,3224
1438,捏,3824,2430
1439,埋,11246,1636
1440,捉,8838,1814
1441,捆,3079,2578
1442,捐,5273,2205
1443,损,36444,911
1444,都,439568,68
1445,哲,25353,1117
1446,逝,6182,2083
1447,捡,2653,2673
1448,换,42292,824
1449,挽,5389,2194
1450,热,67051,606
1451,恐,37676,891
1452,壶,3652,2475
1453,挨,6930,2000
1454,耻,5735,2143
1455,耽,3005,2596
1456,恭,9787,1735
1457,莲,8650,1829
1458,莫,34097,955
1459,荷,15249,1425
1460,获,55064,688
1461,晋,11192,1641
1462,恶,44493,792
1463,真,198416,204
1464,框,5853,2119
1465,桂,7877,1919
1466,档,9248,1779
1467,桐,2821,2640
1468,株,3771,2440
1469,桥,18815,1290
1470,桃,8639,1830
1471,格,133986,325
1472,校,63200,633
1473,核,41944,828
1474,样,398149,88
1475,根,120778,352
1476,索,43365,805
1477,哥,43620,804
1478,速,65094,617
1479,逗,3271,2530
1480,栗,3240,2538
1481,配,49900,738
1482,翅,6524,2051
1483,辱,8029,1897
1484,唇,8279,1871
1485,夏,24888,1126
1486,础,30477,1014
1487,破,67268,604
1488,原,207579,193
1489,套,26301,1091
1490,逐,34128,954
1491,烈,43751,802
1492,殊,22407,1190
1493,顾,42735,815
1494,轿,3942,2407
1495,较,82870,491
1496,顿,44425,794
1497,毙,3588,2486
1498,致,78238,524
1499,柴,7276,1969
1500,桌,22336,1192
1501,虑,37208,901
1502,监,41082,838
1503,紧,72300,560
1504,党,103165,411
1505,晒,3124,2568
1506,眠,7195,1974
1507,晓,17316,1355
1508,鸭,5932,2109
1509,晃,9157,1788
1510,晌,2401,2733
1511,晕,5420,2188
1512,蚊,2065,2821
1513,哨,4354,2347
1514,哭,21444,1209
1515,恩,37898,888
1516,唤,8657,1827
1517,啊,48244,753
1518,唉,6269,2072
1519,罢,18492,1303
1520,峰,14424,1470
1521,圆,24267,1145
1522,贼,7045,1989
1523,贿,3346,2516
1524,钱,67304,603
1525,钳,1243,3088
1526,钻,10064,1717
1527,铁,45798,779
1528,铃,7404,1957
1529,铅,3075,2579
1530,缺,38506,875
1531,氧,8401,1854
1532,特,239091,173
1533,牺,8926,1806
1534,造,120496,354
1535,乘,20731,1230
1536,敌,78620,523
1537,秤,765,3272
1538,租,16052,1395
1539,积,50720,728
1540,秧,1003,3185
1541,秩,9713,1742
1542,称,93638,449
1543,秘,37560,896
1544,透,26836,1077
1545,笔,34057,956
1546,笑,122902,346
1547,笋,1079,3149
1548,债,20902,1222
1549,借,32027,984
1550,值,67732,600
1551,倚,3149,2559
1552,倾,19849,1258
1553,倒,66634,608
1554,倘,6072,2098
1555,俱,8024,1899
1556,倡,5622,2159
1557,候,124865,341
1558,俯,5100,2231
1559,倍,16102,1390
1560,倦,4682,2296
1561,健,32399,979
1562,臭,6166,2087
1563,射,53184,703
1564,躬,3037,2588
1565,息,98447,428
1566,徒,27812,1060
1567,徐,18175,1311
1568,舰,40500,851
1569,舱,8575,1838
1570,般,63739,629
1571,航,46789,773
1572,途,26485,1085
1573,拿,61798,645
1574,爹,7016,1992
1575,爱,108167,394
1576,颂,4142,2376
1577,翁,6137,2092
1578,脆,7336,1964
1579,脂,5492,2179
1580,胸,17392,1354
1581,胳,3753,2448
1582,脏,11350,1630
1583,胶,5721,2144
1584,脑,61647,646
1585,狸,2715,2661
1586,狼,10295,1701
1587,逢,5632,2155
1588,留,73287,554
1589,皱,7609,1942
1590,饿,7992,1901
1591,恋,14674,1461
1592,桨,2067,2820
1593,浆,3130,2564
1594,衰,10367,1695
1595,高,293542,134
1596,席,37579,894
1597,准,113877,379
1598,座,42814,812
1599,脊,5316,2199
1600,症,19878,1256
1601,病,98692,427
1602,疾,19402,1271
1603,疼,10279,1703
1604,疲,9364,1771
1605,效,74009,551
1606,离,100744,418
1607,唐,32757,973
1608,资,168890,257
1609,凉,12156,1578
1610,站,75402,544
1611,剖,3767,2442
1612,竞,25897,1100
1613,部,403066,84
1614,旁,32268,981
1615,旅,34384,950
1616,畜,6821,2017
1617,阅,14067,1486
1618,羞,6651,2034
1619,瓶,10361,1696
1620,拳,9290,1776
1621,粉,13874,1496
1622,料,72778,557
1623,益,60896,649
1624,兼,13656,1512
1625,烤,3125,2567
1626,烘,1371,3048
1627,烦,20076,1252
1628,烧,22078,1200
1629,烛,3578,2489
1630,烟,33137,967
1631,递,13012,1535
1632,涛,6611,2040
1633,浙,6045,2099
1634,涝,471,3408
1635,酒,44069,797
1636,涉,20482,1238
1637,消,96263,439
1638,浩,8387,1855
1639,海,209302,189
1640,涂,9949,1728
1641,浴,4911,2258
1642,浮,14717,1459
1643,流,107397,396
1644,润,16922,1367
1645,浪,22639,1185
1646,浸,4529,2319
1647,涨,9089,1795
1648,烫,2149,2790
1649,涌,11228,1638
1650,悟,10876,1661
1651,悄,15141,1432
1652,悔,8485,1845
1653,悦,7094,1983
1654,害,69462,579
1655,宽,23918,1155
1656,家,509790,56
1657,宵,1604,2966
1658,宴,5798,2128
1659,宾,13149,1531
1660,窄,5219,2214
1661,容,95407,442
1662,宰,6390,2063
1663,案,79395,518
1664,请,100226,421
1665,朗,19288,1274
1666,诸,29957,1021
1667,读,48304,752
1668,扇,7125,1981
1669,袜,1790,2905
1670,袖,10564,1679
1671,袍,4710,2291
1672,被,268905,154
1673,祥,10724,1666
1674,课,21705,1207
1675,谁,61528,648
1676,调,106379,400
1677,冤,4243,2360
1678,谅,6024,2100
1679,谈,86089,474
1680,谊,5902,2113
1681,剥,7504,1947
1682,恳,5081,2234
1683,展,156759,275
1684,剧,36585,909
1685,屑,3655,2473
1686,弱,29129,1038
1687,陵,7436,1953
1688,陶,11821,1598
1689,陷,19703,1260
1690,陪,10908,1658
1691,娱,3740,2451
1692,娘,38274,881
1693,通,209046,190
1694,能,665358,35
1695,难,144597,296
1696,预,61534,647
1697,桑,13328,1525
1698,绢,4335,2349
1699,绣,4046,2395
1700,验,76542,534
1701,继,60428,655
1702,球,63913,628
1703,理,398087,89
1704,捧,4533,2318
1705,堵,4960,2253
1706,描,20247,1245
1707,域,40597,847
1708,掩,13680,1510
1709,捷,9225,1781
1710,排,55938,682
1711,掉,40541,849
1712,堆,16920,1368
1713,推,80933,505
1714,掀,3831,2427
1715,授,33017,968
1716,教,208875,191
1717,掏,5416,2191
1718,掠,8343,1859
1719,培,24009,1152
1720,接,175473,247
1721,控,45664,780
1722,探,36230,917
1723,据,137990,313
1724,掘,5436,2185
1725,职,65272,616
1726,基,153462,280
1727,著,46239,777
1728,勒,33228,966
1729,黄,72199,561
1730,萌,2229,2773
1731,萝,2694,2666
1732,菌,9971,1726
1733,菜,19516,1264
1734,萄,5463,2183
1735,菊,3676,2467
1736,萍,5646,2154
1737,菠,310,3458
1738,营,76372,536
1739,械,11060,1651
1740,梦,39486,865
1741,梢,2555,2700
1742,梅,23824,1159
1743,检,50413,731
1744,梳,2806,2645
1745,梯,10738,1665
1746,桶,4167,2374
1747,救,38824,872
1748,副,47520,764
1749,票,36459,910
1750,戚,4756,2283
1751,爽,4368,2343
1752,聋,2250,2770
1753,袭,21098,1213
1754,盛,24387,1142
1755,雪,30997,1003
1756,辅,6782,2020
1757,辆,16767,1373
1758,虚,27076,1071
1759,雀,4675,2298
1760,堂,32367,980
1761,常,212309,187
1762,匙,3809,2434
1763,晨,16235,1386
1764,睁,7454,1951
1765,眯,2013,2831
1766,眼,152079,281
1767,悬,8282,1870
1768,野,40681,845
1769,啦,22263,1193
1770,晚,62142,641
1771,啄,1084,3145
1772,距,21970,1201
1773,跃,13645,1513
1774,略,53068,704
1775,蛇,10538,1682
1776,累,18017,1321
1777,唱,20085,1251
1778,患,20203,1248
1779,唯,26041,1094
1780,崖,5199,2217
1781,崭,1827,2897
1782,崇,14262,1479
1783,圈,17115,1364
1784,铜,9416,1765
1785,铲,1756,2912
1786,银,47955,757
1787,甜,6894,2008
1788,梨,1884,2869
1789,犁,1530,2993
1790,移,38349,880
1791,笨,4712,2290
1792,笼,7888,1917
1793,笛,3409,2510
1794,符,21862,1204
1795,第,325780,114
1796,敏,15135,1434
1797,做,175580,246
1798,袋,18381,1308
1799,悠,6604,2041
1800,偿,17919,1327
1801,偶,17246,1359
1802,偷,19006,1282
1803,您,51094,726
1804,售,25405,1114
1805,停,54453,693
1806,偏,21877,1203
1807,假,62691,636
1808,得,630688,39
1809,衔,4684,2295
1810,盘,28582,1049
1811,船,65883,614
1812,斜,9264,1778
1813,盒,6506,2052
1814,鸽,2886,2624
1815,悉,15234,1426
1816,欲,28856,1045
1817,彩,22982,1176
1818,领,130993,329
1819,脚,44529,790
1820,脖,5682,2149
1821,脸,65727,615
1822,脱,34548,943
1823,象,143453,300
1824,够,76181,538
1825,猜,11875,1595
1826,猪,9535,1755
1827,猎,10561,1680
1828,猫,10724,1667
1829,猛,23862,1157
1830,馅,742,3286
1831,馆,30564,1011
1832,凑,5544,2167
1833,减,40011,857
1834,毫,38374,879
1835,麻,25584,1108
1836,痒,3055,2584
1837,痕,7805,1926
1838,廊,6413,2058
1839,康,37302,900
1840,庸,5835,2122
1841,鹿,6599,2042
1842,盗,11595,1616
1843,章,76098,539
1844,竟,53033,706
1845,商,105406,402
1846,族,74174,549
1847,旋,16441,1381
1848,望,133145,326
1849,率,64453,625
1850,着,626326,41
1851,盖,28310,1052
1852,粘,5231,2210
1853,粗,15557,1412
1854,粒,10200,1707
1855,断,97235,434
1856,剪,5324,2198
1857,兽,11820,1599
1858,清,127716,335
1859,添,8460,1850
1860,淋,5737,2142
1861,淹,3315,2524
1862,渠,4769,2282
1863,渐,39010,870
1864,混,24605,1137
1865,渔,9441,1763
1866,淘,3718,2456
1867,液,14940,1448
1868,淡,18779,1291
1869,深,105924,401
1870,婆,17603,1345
1871,梁,15387,1414
1872,渗,3647,2476
1873,情,312900,120
1874,惜,13687,1509
1875,惭,2062,2824
1876,悼,1997,2838
1877,惧,11644,1613
1878,惕,2698,2664
1879,惊,59724,659
1880,惨,13314,1527
1881,惯,20880,1225
1882,寇,3354,2515
1883,寄,11729,1608
1884,宿,9693,1745
1885,窑,4611,2309
1886,密,68475,591
1887,谋,31910,989
1888,谎,5481,2180
1889,祸,8336,1861
1890,谜,3828,2429
1891,逮,5418,2190
1892,敢,44338,795
1893,屠,5718,2145
1894,弹,63417,632
1895,随,82599,498
1896,蛋,16305,1385
1897,隆,15979,1398
1898,隐,29294,1034
1899,婚,34610,942
1900,婶,1965,2845
1901,颈,6104,2097
1902,绩,12789,1544
1903,绪,15571,1411
1904,续,73927,552
1905,骑,16037,1396
1906,绳,7256,1971
1907,维,78877,520
1908,绵,5622,2160
1909,绸,3098,2574
1910,绿,26414,1088
1911,琴,10383,1694
1912,斑,6622,2039
1913,替,26687,1079
1914,款,43087,807
1915,堪,9026,1803
1916,搭,8626,1834
1917,塔,29454,1030
1918,越,95657,440
1919,趁,6154,2089
1920,趋,14160,1483
1921,超,48218,754
1922,提,205159,196
1923,堤,3840,2423
1924,博,33366,965
1925,揭,10892,1660
1926,喜,58449,668
1927,插,13938,1492
1928,揪,1735,2918
1929,搜,12537,1561
1930,煮,3313,2527
1931,援,22180,1196
1932,裁,21918,1202
1933,搁,4359,2345
1934,搂,2512,2709
1935,搅,2922,2613
1936,握,29418,1032
1937,揉,2427,2729
1938,斯,240900,168
1939,期,169806,253
1940,欺,10418,1692
1941,联,120301,356
1942,散,39336,866
1943,惹,5018,2241
1944,葬,6558,2046
1945,葛,7952,1908
1946,董,11450,1625
1947,葡,5943,2108
1948,敬,21646,1208
1949,葱,2147,2794
1950,落,82641,496
1951,朝,68380,593
1952,辜,3235,2539
1953,葵,941,3214
1954,棒,4917,2257
1955,棋,6294,2070
1956,植,24999,1124
1957,森,29533,1029
1958,椅,10917,1657
1959,椒,1518,2999
1960,棵,6159,2088
1961,棍,5140,2225
1962,棉,7416,1955
1963,棚,3929,2408
1964,棕,2590,2690
1965,惠,13492,1521
1966,惑,11829,1597
1967,逼,12623,1556
1968,厨,5932,2110
1969,厦,5083,2233
1970,硬,23364,1170
1971,确,128417,331
1972,雁,3474,2503
1973,殖,15118,1436
1974,裂,18093,1315
1975,雄,28184,1054
1976,暂,17968,1323
1977,雅,24527,1139
1978,辈,14384,1474
1979,悲,23500,1166
1980,紫,11172,1642
1981,辉,11518,1620
1982,敞,3248,2535
1983,赏,14946,1447
1984,掌,37729,890
1985,晴,7405,1956
1986,暑,2697,2665
1987,最,283689,139
1988,量,180008,241
1989,喷,10027,1722
1990,晶,10038,1718
1991,喇,2939,2611
1992,遇,37343,899
1993,喊,22779,1182
1994,景,42738,814
1995,践,12242,1575
1996,跌,11967,1587
1997,跑,39497,864
1998,遗,37619,892
1999,蛙,2149,2791
2000,蛛,3033,2591
2001,蜓,533,3385
2002,喝,32112,983
2003,喂,7184,1976
2004,喘,7320,1965
2005,喉,6233,2077
2006,幅,15021,1441
2007,帽,9697,1743
2008,赌,6759,2024
2009,赔,9960,1727
2010,黑,78896,519
2011,铸,3604,2484
2012,铺,11654,1610
2013,链,6223,2080
2014,销,36821,904
2015,锁,12638,1555
2016,锄,981,3198
2017,锅,6416,2057
2018,锈,1198,3103
2019,锋,10783,1664
2020,锐,8522,1843
2021,短,37834,889
2022,智,38064,885
2023,毯,2827,2639
2024,鹅,5703,2146
2025,剩,14996,1443
2026,稍,16855,1371
2027,程,136962,314
2028,稀,9234,1780
2029,税,45615,781
2030,筐,1119,3132
2031,等,266296,158
2032,筑,24780,1130
2033,策,52394,714
2034,筛,1166,3115
2035,筒,6296,2069
2036,答,72421,559
2037,筋,5170,2222
2038,筝,1100,3138
2039,傲,7503,1948
2040,傅,8256,1878
2041,牌,19752,1259
2042,堡,13533,1518
2043,集,104019,406
2044,焦,12684,1551
2045,傍,3444,2508
2046,储,13408,1523
2047,奥,32761,972
2048,街,25866,1101
2049,惩,8839,1813
2050,御,16586,1379
2051,循,9768,1737
2052,艇,16868,1370
2053,舒,14833,1456
2054,番,14927,1449
2055,释,42749,813
2056,禽,3408,2511
2057,腊,13892,1494
2058,脾,5386,2195
2059,腔,7975,1903
2060,鲁,37474,898
2061,猾,1697,2931
2062,猴,5582,2162
2063,然,511026,55
2064,馋,669,3315
2065,装,88143,467
2066,蛮,6503,2053
2067,就,771108,27
2068,痛,50459,730
2069,童,20813,1228
2070,阔,10722,1668
2071,善,48739,749
2072,羡,2739,2654
2073,普,63570,630
2074,粪,2217,2778
2075,尊,24662,1134
2076,道,534695,52
2077,曾,89328,463
2078,焰,5116,2229
2079,港,35577,927
2080,湖,36112,918
2081,渣,1495,3006
2082,湿,9783,1736
2083,温,39312,867
2084,渴,7395,1960
2085,滑,14303,1477
2086,湾,40101,855
2087,渡,15692,1404
2088,游,54262,695
2089,滋,7874,1920
2090,溉,1000,3186
2091,愤,13749,1505
2092,慌,11149,1645
2093,惰,1302,3070
2094,愧,5008,2244
2095,愉,7259,1970
2096,慨,5479,2181
2097,割,10894,1659
2098,寒,18684,1295
2099,富,50273,733
2100,窜,3865,2420
2101,窝,7456,1950
2102,窗,26978,1074
2103,遍,30545,1012
2104,裕,6871,2011
2105,裤,6282,2071
2106,裙,4062,2394
2107,谢,37550,897
2108,谣,3219,2543
2109,谦,4588,2311
2110,属,66374,610
2111,屡,3925,2410
2112,强,146665,292
2113,粥,1854,2885
2114,疏,8101,1888
2115,隔,18056,1317
2116,隙,4130,2382
2117,絮,1617,2961
2118,嫂,5863,2118
2119,登,42687,817
2120,缎,1658,2950
2121,缓,25455,1111
2122,编,39879,858
2123,骗,13854,1500
2124,缘,19330,1272
2125,瑞,17869,1330
2126,魂,17535,1346
2127,肆,3956,2405
2128,摄,15801,1401
2129,摸,17067,1365
2130,填,7401,1958
2131,搏,4392,2337
2132,塌,3839,2424
2133,鼓,25016,1123
2134,摆,23853,1158
2135,携,7449,1952
2136,搬,9478,1759
2137,摇,34635,940
2138,搞,24265,1146
2139,塘,4033,2397
2140,摊,5798,2129
2141,蒜,1091,3142
2142,勤,12536,1562
2143,鹊,999,3187
2144,蓝,22437,1189
2145,墓,8890,1808
2146,幕,18138,1313
2147,蓬,4225,2362
2148,蓄,7213,1973
2149,蒙,29019,1039
2150,蒸,4443,2323
2151,献,22396,1191
2152,禁,31951,986
2153,楚,39846,859
2154,想,368819,99
2155,槐,1627,2959
2156,榆,1360,3051
2157,楼,38463,876
2158,概,44501,791
2159,赖,17123,1363
2160,酬,7011,1993
2161,感,178383,243
2162,碍,15121,1435
2163,碑,5509,2176
2164,碎,15334,1418
2165,碰,16919,1369
2166,碗,7773,1927
2167,碌,3497,2498
2168,雷,55226,686
2169,零,17675,1340
2170,雾,10856,1663
2171,雹,558,3367
2172,输,34688,939
2173,督,34523,946
2174,龄,13733,1507
2175,鉴,11090,1650
2176,睛,35082,934
2177,睡,33420,964
2178,睬,1392,3039
2179,鄙,3670,2468
2180,愚,8144,1886
2181,暖,9762,1738
2182,盟,23581,1163
2183,歇,8733,1820
2184,暗,41881,829
2185,照,95020,443
2186,跨,9404,1767
2187,跳,31324,999
2188,跪,5955,2106
2189,路,141812,305
2190,跟,75958,541
2191,遣,9335,1773
2192,蛾,1145,3120
2193,蜂,7989,1902
2194,嗓,3724,2454
2195,置,57255,677
2196,罪,52068,718
2197,罩,7309,1966
2198,错,62401,638
2199,锡,6586,2044
2200,锣,1552,2985
2201,锤,2071,2818
2202,锦,7682,1936
2203,键,14434,1468
2204,锯,1709,2927
2205,矮,6834,2014
2206,辞,14439,1466
2207,稠,1194,3104
2208,愁,6135,2093
2209,筹,10671,1670
2210,签,20057,1253
2211,简,52280,716
2212,毁,23773,1160
2213,舅,4385,2340
2214,鼠,10476,1686
2215,催,6538,2050
2216,傻,7167,1977
2217,像,145291,294
2218,躲,11201,1640
2219,微,60484,653
2220,愈,18540,1299
2221,遥,10179,1708
2222,腰,14841,1455
2223,腥,2677,2668
2224,腹,11974,1586
2225,腾,11343,1631
2226,腿,17509,1349
2227,触,21719,1206
2228,解,200090,201
2229,酱,1668,2944
2230,痰,1791,2904
2231,廉,8854,1810
2232,新,253921,161
2233,韵,3705,2459
2234,意,360232,104
2235,粮,18528,1301
2236,数,183312,231
2237,煎,2183,2783
2238,塑,6744,2025
2239,慈,14141,1484
2240,煤,9832,1733
2241,煌,5002,2245
2242,满,96954,436
2243,漠,9366,1770
2244,源,58145,670
2245,滤,1394,3038
2246,滥,4964,2251
2247,滔,2642,2678
2248,溪,5543,2168
2249,溜,7935,1912
2250,滚,12863,1539
2251,滨,3811,2433
2252,粱,918,3222
2253,滩,6550,2048
2254,慎,9479,1758
2255,誉,10683,1669
2256,塞,26590,1080
2257,谨,7960,1906
2258,福,55871,683
2259,群,70459,570
2260,殿,12667,1552
2261,辟,5876,2116
2262,障,20503,1236
2263,嫌,8748,1818
2264,嫁,6539,2049
2265,叠,5027,2240
2266,缝,8512,1844
2267,缠,6675,2032
2268,静,51401,722
2269,碧,5751,2139
2270,璃,8176,1885
2271,墙,21101,1211
2272,撇,2219,2776
2273,嘉,8576,1837
2274,摧,5743,2140
2275,截,12718,1549
2276,誓,6249,2076
2277,境,69360,582
2278,摘,6845,2013
2279,摔,5035,2239
2280,聚,18458,1304
2281,蔽,6016,2101
2282,慕,7165,1978
2283,暮,2626,2685
2284,蔑,3330,2521
2285,模,54891,689
2286,榴,3068,2582
2287,榜,3458,2506
2288,榨,849,3247
2289,歌,28957,1040
2290,遭,28642,1048
2291,酷,8345,1858
2292,酿,2633,2682
2293,酸,14855,1453
2294,磁,9433,1764
2295,愿,67915,598
2296,需,103832,408
2297,弊,4579,2313
2298,裳,2274,2760
2299,颗,14987,1445
2300,嗽,2438,2726
2301,蜻,555,3370
2302,蜡,3246,2536
2303,蝇,2761,2650
2304,蜘,1804,2903
2305,赚,5630,2156
2306,锹,499,3402
2307,锻,3596,2485
2308,舞,24360,1144
2309,稳,28031,1055
2310,算,105293,403
2311,箩,348,3448
2312,管,170746,252
2313,僚,5278,2204
2314,鼻,17773,1333
2315,魄,3664,2469
2316,貌,11921,1592
2317,膜,7694,1933
2318,膊,3989,2401
2319,膀,7731,1929
2320,鲜,33720,958
2321,疑,53982,698
2322,馒,881,3236
2323,裹,4322,2351
2324,敲,9978,1725
2325,豪,13680,1511
2326,膏,2958,2608
2327,遮,5914,2112
2328,腐,12264,1573
2329,瘦,8632,1833
2330,辣,4124,2383
2331,竭,7194,1975
2332,端,36233,916
2333,旗,15665,1405
2334,精,97135,435
2335,歉,5833,2123
2336,熄,2284,2759
2337,熔,1873,2876
2338,漆,4884,2262
2339,漂,12488,1565
2340,漫,14869,1452
2341,滴,8104,1887
2342,演,52394,715
2343,漏,6627,2037
2344,慢,42506,822
2345,寨,4783,2280
2346,赛,27472,1064
2347,察,71894,564
2348,蜜,6919,2002
2349,谱,5009,2243
2350,嫩,3707,2458
2351,翠,5661,2151
2352,熊,9788,1734
2353,凳,2921,2614
2354,骡,1178,3109
2355,缩,18495,1302
2356,慧,13810,1502
2357,撕,4668,2300
2358,撒,15003,1442
2359,趣,27434,1065
2360,趟,3879,2416
2361,撑,5628,2157
2362,播,19327,1273
2363,撞,12894,1537
2364,撤,19485,1268
2365,增,93869,446
2366,聪,10863,1662
2367,鞋,11288,1634
2368,蕉,1663,2947
2369,蔬,2799,2649
2370,横,17912,1328
2371,槽,1908,2861
2372,樱,2572,2697
2373,橡,2251,2769
2374,飘,13357,1524
2375,醋,1712,2926
2376,醉,9292,1775
2377,震,25746,1104
2378,霉,4098,2388
2379,瞒,4191,2369
2380,题,189921,218
2381,暴,29566,1028
2382,瞎,4260,2359
2383,影,108862,390
2384,踢,3959,2404
2385,踏,9656,1746
2386,踩,3343,2518
2387,踪,13193,1529
2388,蝶,4811,2273
2389,蝴,1991,2839
2390,嘱,5788,2130
2391,墨,13959,1490
2392,镇,31170,1002
2393,靠,42988,808
2394,稻,3607,2483
2395,黎,14389,1473
2396,稿,12012,1584
2397,稼,2500,2713
2398,箱,14913,1450
2399,箭,13922,1493
2400,篇,30894,1008
2401,僵,4668,2301
2402,躺,11745,1605
2403,僻,2391,2738
2404,德,168917,256
2405,艘,14438,1467
2406,膝,4809,2274
2407,膛,2266,2764
2408,熟,29271,1035
2409,摩,23645,1162
2410,颜,12837,1542
2411,毅,7686,1934
2412,糊,16098,1391
2413,遵,11935,1590
2414,潜,25452,1112
2415,潮,18532,1300
2416,懂,21117,1210
2417,额,34823,936
2418,慰,11379,1628
2419,劈,3759,2445
2420,操,23193,1173
2421,燕,10325,1698
2422,薯,1204,3101
2423,薪,5741,2141
2424,薄,15150,1431
2425,颠,5921,2111
2426,橘,900,3229
2427,整,100910,416
2428,融,20883,1224
2429,醒,26899,1075
2430,餐,14641,1462
2431,嘴,30765,1010
2432,蹄,3045,2586
2433,器,95444,441
2434,赠,6004,2103
2435,默,29432,1031
2436,镜,20100,1250
2437,赞,22909,1178
2438,篮,4490,2322
2439,邀,8484,1846
2440,衡,17719,1338
2441,膨,4141,2378
2442,雕,8713,1821
2443,磨,13082,1534
2444,凝,11409,1627
2445,辨,8023,1900
2446,辩,17459,1353
2447,糖,9757,1739
2448,糕,4142,2377
2449,燃,12708,1550
2450,澡,2882,2625
2451,激,52723,710
2452,懒,5307,2201
2453,壁,16588,1378
2454,避,31731,991
2455,缴,8659,1826
2456,戴,20826,1227
2457,擦,9542,1754
2458,鞠,1821,2898
2459,藏,36704,907
2460,霜,3119,2569
2461,霞,6885,2009
2462,瞧,12745,1548
2463,蹈,3004,2597
2464,螺,4327,2350
2465,穗,1178,3110
2466,繁,18699,1294
2467,辫,1408,3033
2468,赢,8657,1828
2469,糟,7960,1907
2470,糠,475,3406
2471,燥,3171,2554
2472,臂,10542,1681
2473,翼,18710,1292
2474,骤,6688,2031
2475,鞭,5176,2220
2476,覆,8795,1815
2477,蹦,2358,2746
2478,镰,684,3307
2479,翻,29568,1027
2480,鹰,7890,1916
2481,警,55189,687
2482,攀,3998,2400
2483,蹲,3720,2455
2484,颤,8080,1891
2485,瓣,2127,2801
2486,爆,20340,1242
2487,疆,6779,2023
2488,壤,4165,2375
2489,耀,9060,1796
2490,躁,3917,2411
2491,嚼,2739,2655
2492,嚷,5138,2226
2493,籍,12205,1576
2494,魔,22835,1179
2495,灌,6403,2060
2496,蠢,5542,2169
2497,霸,8639,1831
2498,露,40954,841
2499,囊,6709,2028
2500,罐,4169,2373
2501,匕,1388,3040
2502,刁,871,3240
2503,丐,3201,2549
2504,歹,2148,2793
2505,戈,10456,1688
2506,夭,1709,2928
2507,仑,5882,2115
2508,讥,2114,2808
2509,冗,863,3242
2510,邓,11651,1611
2511,艾,18825,1289
2512,夯,296,3461
2513,凸,2287,2758
2514,卢,10266,1704
2515,叭,2842,2634
2516,叽,1492,3008
2517,皿,745,3283
2518,凹,2273,2761
2519,囚,3242,2537
2520,矢,2466,2723
2521,乍,2131,2800
2522,尔,189785,220
2523,冯,10128,1712
2524,玄,10151,1710
2525,邦,17153,1361
2526,迂,2007,2834
2527,邢,1176,3111
2528,芋,440,3425
2529,芍,385,3441
2530,吏,4795,2278
2531,夷,4638,2304
2532,吁,5891,2114
2533,吕,10156,1709
2534,吆,973,3202
2535,屹,663,3320
2536,廷,11499,1623
2537,迄,3496,2499
2538,臼,543,3380
2539,仲,10316,1699
2540,伦,32822,970
2541,伊,47619,761
2542,肋,1282,3077
2543,旭,2341,2749
2544,匈,3700,2461
2545,凫,147,3486
2546,妆,3083,2577
2547,亥,1528,2996
2548,汛,748,3281
2549,讳,2139,2798
2550,讶,5760,2136
2551,讹,729,3291
2552,讼,8410,1853
2553,诀,2341,2750
2554,弛,1215,3097
2555,阱,1433,3022
2556,驮,1111,3135
2557,驯,2423,2731
2558,纫,473,3407
2559,玖,171,3483
2560,玛,20207,1247
2561,韧,1593,2971
2562,抠,520,3390
2563,扼,2087,2815
2564,汞,738,3287
2565,扳,1540,2989
2566,抡,652,3325
2567,坎,3948,2406
2568,坞,1559,2980
2569,抑,9719,1741
2570,拟,12885,1538
2571,抒,1724,2922
2572,芙,3130,2565
2573,芜,1409,3032
2574,苇,1416,3027
2575,芥,575,3357
2576,芯,3568,2491
2577,芭,1615,2962
2578,杖,4037,2396
2579,杉,2805,2646
2580,巫,5576,2163
2581,杈,313,3455
2582,甫,5805,2126
2583,匣,1747,2914
2584,轩,4304,2353
2585,卤,758,3275
2586,肖,6899,2007
2587,吱,2478,2718
2588,吠,1113,3134
2589,呕,2292,2756
2590,呐,2163,2787
2591,吟,6916,2003
2592,呛,1120,3131
2593,吻,7395,1961
2594,吭,1731,2920
2595,邑,1604,2967
2596,囤,308,3459
2597,吮,800,3258
2598,岖,544,3379
2599,牡,1889,2866
2600,佑,2589,2691
2601,佃,1401,3036
2602,伺,2570,2698
2603,囱,968,3204
2604,肛,1147,3119
2605,肘,1877,2875
2606,甸,3270,2532
2607,狈,1688,2937
2608,鸠,1092,3141
2609,彤,536,3384
2610,灸,566,3363
2611,刨,888,3233
2612,庇,2523,2708
2613,吝,1030,3177
2614,庐,2097,2811
2615,闰,470,3409
2616,兑,4101,2387
2617,灼,2262,2766
2618,沐,1072,3155
2619,沛,1834,2895
2620,汰,1968,2844
2621,沥,918,3223
2622,沦,2738,2656
2623,汹,2684,2667
2624,沧,1848,2887
2625,沪,2737,2657
2626,忱,1268,3078
2627,诅,1535,2991
2628,诈,4200,2367
2629,罕,5409,2193
2630,屁,4884,2263
2631,坠,4980,2248
2632,妓,2582,2693
2633,姊,5272,2206
2634,妒,3228,2541
2635,纬,2874,2627
2636,玫,4839,2270
2637,卦,1628,2958
2638,坷,649,3326
2639,坯,720,3293
2640,拓,5256,2208
2641,坪,2815,2644
2642,坤,2141,2796
2643,拄,444,3423
2644,拧,1529,2995
2645,拂,3135,2561
2646,拙,2833,2637
2647,拇,1839,2894
2648,拗,881,3237
2649,茉,545,3376
2650,昔,4320,2352
2651,苛,1679,2941
2652,苫,277,3465
2653,苟,2213,2779
2654,苞,712,3299
2655,茁,337,3450
2656,苔,1660,2948
2657,枉,2124,2803
2658,枢,3169,2556
2659,枚,8270,1875
2660,枫,1418,3024
2661,杭,4583,2312
2662,郁,7968,1904
2663,矾,287,3463
2664,奈,11509,1621
2665,奄,1073,3154
2666,殴,1221,3095
2667,歧,6451,2055
2668,卓,7714,1930
2669,昙,426,3430
2670,哎,4887,2261
2671,咕,4132,2381
2672,呵,8433,1852
2673,咙,1845,2890
2674,呻,2092,2813
2675,咒,4931,2255
2676,咆,1191,3105
2677,咖,4366,2344
2678,帕,13566,1516
2679,账,5652,2153
2680,贬,3580,2488
2681,贮,2398,2735
2682,氛,6968,1997
2683,秉,2472,2722
2684,岳,8577,1836
2685,侠,20999,1215
2686,侥,1215,3098
2687,侣,2994,2599
2688,侈,1703,2930
2689,卑,6572,2045
2690,刽,599,3349
2691,刹,5185,2219
2692,肴,1026,3182
2693,觅,2396,2736
2694,忿,1578,2973
2695,瓮,648,3327
2696,肮,1499,3004
2697,肪,1882,2870
2698,狞,1078,3150
2699,庞,8531,1841
2700,疟,485,3404
2701,疙,998,3188
2702,疚,1480,3011
2703,卒,3306,2528
2704,氓,1747,2915
2705,炬,1107,3136
2706,沽,1043,3170
2707,沮,2229,2774
2708,泣,3929,2409
2709,泞,614,3340
2710,泌,3192,2551
2711,沼,3791,2438
2712,怔,5561,2165
2713,怯,3759,2446
2714,宠,4108,2385
2715,宛,3619,2481
2716,衩,258,3470
2717,祈,3965,2403
2718,诡,3323,2523
2719,帚,878,3238
2720,屉,1612,2963
2721,弧,1742,2916
2722,弥,9276,1777
2723,陋,2995,2598
2724,陌,5220,2213
2725,函,7672,1938
2726,姆,27808,1061
2727,虱,572,3360
2728,叁,367,3443
2729,绅,3472,2504
2730,驹,810,3256
2731,绊,1525,2997
2732,绎,1870,2879
2733,契,8845,1811
2734,贰,634,3331
2735,玷,541,3382
2736,玲,8475,1847
2737,珊,3465,2505
2738,拭,1257,3083
2739,拷,1418,3025
2740,拱,3339,2520
2741,挟,2438,2727
2742,垢,1341,3057
2743,垛,573,3359
2744,拯,2650,2674
2745,荆,3479,2501
2746,茸,1247,3087
2747,茬,717,3295
2748,荚,511,3396
2749,茵,2631,2683
2750,茴,126,3488
2751,荞,177,3481
2752,荠,94,3493
2753,荤,419,3432
2754,荧,1142,3122
2755,荔,665,3318
2756,栈,1507,3002
2757,柑,425,3431
2758,栅,1906,2862
2759,柠,434,3428
2760,枷,845,3249
2761,勃,13183,1530
2762,柬,1772,2906
2763,砂,2820,2641
2764,泵,709,3300
2765,砚,509,3397
2766,鸥,1189,3106
2767,轴,4011,2399
2768,韭,449,3421
2769,虐,2979,2601
2770,昧,4375,2341
2771,盹,452,3417
2772,咧,2707,2663
2773,昵,530,3386
2774,昭,5569,2164
2775,盅,578,3356
2776,勋,4568,2314
2777,哆,1417,3026
2778,咪,1298,3073
2779,哟,3635,2479
2780,幽,11319,1632
2781,钙,2017,2828
2782,钝,1752,2913
2783,钠,1061,3160
2784,钦,5840,2121
2785,钧,3698,2463
2786,钮,2906,2616
2787,毡,1082,3146
2788,氢,3092,2575
2789,秕,39,3498
2790,俏,2229,2775
2791,俄,32638,975
2792,俐,960,3207
2793,侯,9585,1749
2794,徊,1885,2868
2795,衍,4031,2398
2796,胚,2093,2812
2797,胧,2365,2745
2798,胎,7256,1972
2799,狰,553,3371
2800,饵,1596,2970
2801,峦,718,3294
2802,奕,1847,2889
2803,咨,4180,2371
2804,飒,417,3433
2805,闺,1236,3090
2806,闽,1307,3068
2807,籽,957,3208
2808,娄,551,3373
2809,烁,2847,2632
2810,炫,1329,3061
2811,洼,1430,3023
2812,柒,17,3499
2813,涎,738,3288
2814,洛,32431,978
2815,恃,1445,3019
2816,恍,3584,2487
2817,恬,786,3264
2818,恤,1459,3015
2819,宦,1948,2848
2820,诫,2614,2687
2821,诬,1725,2921
2822,祠,1291,3076
2823,诲,1028,3179
2824,屏,8208,1882
2825,屎,1257,3084
2826,逊,10444,1690
2827,陨,1324,3063
2828,姚,4806,2275
2829,娜,12060,1581
2830,蚤,548,3374
2831,骇,3577,2490
2832,耘,560,3366
2833,耙,506,3398
2834,秦,16088,1392
2835,匿,2479,2717
2836,埂,444,3424
2837,捂,1687,2939
2838,捍,1385,3043
2839,袁,9609,1748
2840,捌,104,3491
2841,挫,4089,2389
2842,挚,1873,2877
2843,捣,2753,2652
2844,捅,1211,3099
2845,埃,25101,1121
2846,耿,2899,2618
2847,聂,2503,2710
2848,荸,55,3497
2849,莽,2816,2643
2850,莱,22187,1195
2851,莉,8289,1869
2852,莹,2973,2603
2853,莺,2152,2788
2854,梆,545,3377
2855,栖,3867,2419
2856,桦,660,3322
2857,栓,2068,2819
2858,桅,966,3205
2859,桩,3746,2449
2860,贾,6627,2038
2861,酌,1928,2853
2862,砸,3881,2415
2863,砰,2261,2767
2864,砾,1028,3180
2865,殉,1310,3067
2866,逞,1530,2994
2867,哮,2146,2795
2868,唠,1143,3121
2869,哺,2466,2724
2870,剔,1559,2981
2871,蚌,605,3347
2872,蚜,360,3446
2873,畔,2378,2741
2874,蚣,519,3391
2875,蚪,556,3368
2876,蚓,521,3389
2877,哩,7677,1937
2878,圃,1066,3157
2879,鸯,591,3352
2880,唁,212,3475
2881,哼,7419,1954
2882,唆,852,3244
2883,峭,1918,2858
2884,唧,749,3280
2885,峻,3688,2464
2886,赂,1362,3050
2887,赃,1321,3064
2888,钾,709,3301
2889,铆,129,3487
2890,氨,1843,2891
2891,秫,72,3495
2892,笆,896,3231
2893,俺,2671,2670
2894,赁,1668,2945
2895,倔,985,3196
2896,殷,4417,2330
2897,耸,5758,2137
2898,舀,415,3434
2899,豺,438,3426
2900,豹,3683,2465
2901,颁,4742,2286
2902,胯,313,3456
2903,胰,1411,3030
2904,脐,677,3310
2905,脓,1180,3108
2906,逛,3074,2580
2907,卿,6825,2016
2908,鸵,405,3436
2909,鸳,654,3324
2910,馁,479,3405
2911,凌,9999,1724
2912,凄,4552,2317
2913,衷,5781,2131
2914,郭,8931,1805
2915,斋,4194,2368
2916,疹,1458,3016
2917,紊,1639,2953
2918,瓷,4955,2254
2919,羔,911,3225
2920,烙,1093,3140
2921,浦,5766,2135
2922,涡,2644,2677
2923,涣,674,3312
2924,涤,1452,3018
2925,涧,681,3308
2926,涕,1880,2871
2927,涩,2373,2744
2928,悍,1715,2923
2929,悯,1970,2843
2930,窍,1856,2884
2931,诺,32991,969
2932,诽,985,3197
2933,袒,957,3209
2934,谆,565,3364
2935,祟,1127,3128
2936,恕,4779,2281
2937,娩,491,3403
2938,骏,1358,3053
2939,琐,2377,2742
2940,麸,83,3494
2941,琉,2000,2837
2942,琅,938,3216
2943,措,24172,1148
2944,捺,670,3313
2945,捶,1061,3161
2946,赦,1659,2949
2947,埠,1091,3143
2948,捻,1066,3158
2949,掐,1042,3172
2950,掂,567,3362
2951,掖,656,3323
2952,掷,3170,2555
2953,掸,363,3444
2954,掺,1303,3069
2955,勘,3303,2529
2956,聊,7865,1921
2957,娶,3733,2452
2958,菱,2489,2715
2959,菲,15365,1416
2960,萎,2647,2676
2961,菩,5477,2182
2962,萤,1103,3137
2963,乾,7057,1987
2964,萧,8097,1889
2965,萨,28804,1046
2966,菇,1339,3059
2967,彬,2724,2659
2968,梗,2121,2805
2969,梧,1218,3096
2970,梭,2913,2615
2971,曹,12443,1567
2972,酝,1206,3100
2973,酗,467,3410
2974,厢,3837,2426
2975,硅,1264,3080
2976,硕,4819,2271
2977,奢,2835,2636
2978,盔,1842,2893
2979,匾,1033,3173
2980,颅,2004,2836
2981,彪,4186,2370
2982,眶,1511,3001
2983,晤,2805,2647
2984,曼,20897,1223
2985,晦,1714,2925
2986,冕,1078,3151
2987,啡,4688,2294
2988,畦,224,3474
2989,趾,1552,2986
2990,啃,1242,3089
2991,蛆,435,3427
2992,蚯,513,3395
2993,蛉,301,3460
2994,蛀,588,3353
2995,唬,1554,2984
2997,唾,1809,2901
2998,啤,2332,2753
2999,啥,6331,2064
3000,啸,4850,2268
3001,崎,2662,2672
3002,逻,11959,1588
3003,崔,3476,2502
3004,崩,5658,2152
3005,婴,6114,2095
3006,赊,323,3452
3007,铐,748,3282
3008,铛,352,3447
3009,铝,1453,3017
3010,铡,327,3451
3011,铣,226,3473
3012,铭,6555,2047
3013,矫,2126,2802
3014,秸,670,3314
3015,秽,1676,2942
3016,笙,636,3330
3017,笤,190,3478
3018,偎,850,3246
3019,傀,606,3346
3020,躯,4797,2277
3021,兜,3663,2470
3022,衅,1578,2974
3023,徘,1695,2932
3024,徙,1131,3127
3025,舶,4743,2285
3026,舷,1654,2951
3027,舵,1689,2935
3028,敛,2107,2810
3029,翎,1125,3130
3030,脯,1860,2882
3031,逸,4638,2305
3032,凰,3911,2412
3033,猖,1157,3118
3034,祭,9316,1774
3035,烹,1074,3153
3036,庶,1863,2881
3037,庵,1851,2886
3038,痊,893,3232
3039,阎,3823,2431
3040,阐,5532,2170
3041,眷,1973,2842
3042,焊,530,3387
3043,焕,2595,2689
3044,鸿,7931,1913
3045,涯,3206,2548
3046,淑,3069,2581
3047,淌,1906,2863
3048,淮,4903,2260
3049,淆,1375,3046
3050,渊,5551,2166
3051,淫,4879,2264
3052,淳,1577,2975
3053,淤,943,3213
3054,淀,1557,2983
3055,涮,313,3457
3056,涵,4681,2297
3057,惦,752,3278
3058,悴,1064,3159
3059,惋,925,3220
3060,寂,9875,1732
3061,窒,1413,3029
3062,谍,4274,2355
3063,谐,4135,2379
3064,裆,523,3388
3065,袱,1227,3093
3066,祷,3769,2441
3067,谒,1163,3116
3068,谓,34527,945
3069,谚,884,3235
3070,尉,5988,2104
3071,堕,2977,2602
3072,隅,1167,3114
3073,婉,2503,2711
3074,颇,12605,1557
3075,绰,2089,2814
3076,绷,1941,2850
3077,综,15258,1423
3078,绽,1607,2965
3079,缀,1887,2867
3080,巢,4874,2265
3081,琳,4218,2364
3082,琢,2117,2807
3083,琼,5495,2178
3084,揍,986,3195
3085,堰,1049,3166
3086,揩,837,3251
3087,揽,2474,2720
3088,揖,1031,3176
3089,彭,13866,1498
3090,揣,1829,2896
3091,搀,1172,3112
3092,搓,1673,2943
3093,壹,267,3469
3094,搔,1080,3148
3095,葫,1399,3037
3096,募,3018,2595
3097,蒋,23237,1172
3098,蒂,15183,1427
3099,韩,20947,1220
3100,棱,2168,2786
3101,椰,615,3338
3102,焚,3718,2457
3103,椎,3888,2414
3104,棺,2901,2617
3105,榔,397,3438
3106,椭,1301,3072
3107,粟,2219,2777
3108,棘,2256,2768
3109,酣,939,3215
3110,酥,1014,3184
3111,硝,1695,2933
3112,硫,2742,2653
3113,颊,3025,2593
3114,雳,974,3200
3115,翘,1909,2859
3116,凿,2880,2626
3117,棠,3758,2447
3118,晰,5412,2192
3119,鼎,4507,2321
3120,喳,1302,3071
3121,遏,2849,2631
3122,晾,622,3334
3123,畴,2858,2630
3124,跋,2124,2804
3125,跛,648,3328
3126,蛔,563,3365
3127,蜒,852,3245
3128,蛤,769,3268
3129,鹃,1768,2909
3130,喻,5012,2242
3131,啼,2138,2799
3132,喧,2579,2694
3133,嵌,2387,2740
3134,赋,9723,1740
3135,赎,2271,2762
3136,赐,6431,2056
3137,锉,209,3476
3138,锌,992,3191
3139,甥,696,3302
3140,掰,434,3429
3141,氮,1055,3164
3142,氯,1872,2878
3143,黍,169,3484
3144,筏,722,3292
3145,牍,447,3422
3146,粤,1572,2976
3147,逾,3189,2552
3148,腌,452,3418
3149,腋,925,3221
3150,腕,3314,2526
3151,猩,6909,2004
3152,猬,343,3449
3153,惫,1879,2872
3154,敦,10084,1715
3155,痘,519,3392
3156,痢,519,3393
3157,痪,1611,2964
3158,竣,794,3260
3159,翔,5625,2158
3160,奠,3020,2594
3161,遂,6904,2005
3162,焙,601,3348
3163,滞,4850,2269
3164,湘,5207,2215
3165,渤,745,3284
3166,渺,1980,2841
3167,溃,7962,1905
3168,溅,2019,2827
3169,湃,689,3305
3170,愕,2631,2684
3171,惶,4730,2287
3172,寓,5519,2172
3173,窖,1292,3075
3174,窘,1935,2851
3175,雇,8857,1809
3176,谤,1387,3041
3177,犀,1044,3169
3178,隘,1570,2977
3179,媒,13802,1503
3180,媚,4909,2259
3181,婿,1635,2954
3182,缅,2945,2610
3183,缆,2410,2732
3184,缔,2897,2619
3185,缕,2181,2784
3186,骚,5268,2207
3187,瑟,10473,1687
3188,鹉,901,3228
3189,瑰,3744,2450
3190,搪,547,3375
3191,聘,5148,2223
3192,斟,1547,2987
3193,靴,1688,2938
3194,靶,1411,3031
3195,蓖,190,3479
3196,蒿,412,3435
3197,蒲,4595,2310
3198,蓉,2578,2695
3199,楔,667,3317
3200,椿,465,3411
3201,楷,994,3190
3202,榄,905,3226
3203,楞,1436,3021
3204,楣,553,3372
3205,酪,840,3250
3206,碘,823,3253
3207,硼,287,3464
3208,碉,848,3248
3209,辐,4084,2391
3210,辑,17169,1360
3211,频,13127,1532
3212,睹,3346,2517
3213,睦,1859,2883
3214,瞄,3383,2513
3215,嗜,1922,2855
3216,嗦,1689,2936
3217,暇,2641,2679
3218,畸,1562,2979
3219,跷,783,3265
3220,跺,765,3273
3221,蜈,620,3335
3222,蜗,780,3266
3223,蜕,886,3234
3224,蛹,592,3351
3225,嗅,2843,2633
3226,嗡,2565,2699
3227,嗤,1387,3042
3228,署,16641,1377
3229,蜀,3208,2546
3230,幌,1403,3035
3231,锚,1033,3174
3232,锥,1738,2917
3233,锨,268,3468
3234,锭,461,3413
3235,锰,459,3414
3236,稚,2803,2648
3237,颓,1900,2864
3238,筷,1652,2952
3239,魁,3227,2542
3240,衙,2625,2686
3241,腻,2425,2730
3242,腮,1522,2998
3243,腺,5132,2227
3244,鹏,7895,1915
3245,肄,107,3490
3246,猿,4793,2279
3247,颖,3658,2472
3248,煞,4969,2249
3249,雏,1052,3165
3250,馍,540,3383
3251,馏,250,3471
3252,禀,2048,2826
3253,痹,1158,3117
3254,廓,2141,2797
3255,痴,5359,2197
3256,靖,3521,2496
3257,誊,187,3480
3258,漓,1127,3129
3259,溢,3909,2413
3260,溯,2639,2680
3261,溶,4998,2247
3262,滓,314,3454
3263,溺,1329,3062
3264,寞,3217,2544
3265,窥,2673,2669
3266,窟,2109,2809
3267,寝,2475,2719
3268,褂,1493,3007
3269,裸,5752,2138
3270,谬,4290,2354
3271,媳,4262,2357
3272,嫉,2892,2621
3273,缚,3326,2522
3274,缤,715,3298
3275,剿,3112,2570
3276,赘,945,3212
3277,熬,2841,2635
3278,赫,17613,1344
3279,蔫,241,3472
3280,摹,1879,2873
3281,蔓,2390,2739
3282,蔗,607,3345
3283,蔼,1075,3152
3284,熙,3766,2443
3285,蔚,1518,3000
3286,兢,1632,2956
3287,榛,290,3462
3288,榕,505,3399
3289,酵,992,3192
3290,碟,2375,2743
3291,碴,405,3437
3292,碱,2250,2771
3293,碳,2711,2662
3294,辕,675,3311
3295,辖,11213,1639
3296,雌,4355,2346
3297,墅,2152,2789
3298,嘁,320,3453
3299,踊,639,3329
3300,蝉,1771,2907
3301,嘀,1318,3065
3302,幔,988,3193
3303,镀,615,3339
3304,舔,1236,3091
3305,熏,1900,2865
3306,箍,743,3285
3307,箕,388,3440
3308,箫,874,3239
3309,舆,4628,2308
3310,僧,6920,2001
3311,孵,1383,3044
3312,瘩,974,3201
3313,瘟,1341,3058
3314,彰,2014,2830
3315,粹,9943,1729
3316,漱,1139,3123
3317,漩,794,3261
3318,漾,803,3257
3319,慷,2078,2817
3320,寡,5049,2237
3321,寥,1633,2955
3322,谭,5849,2120
3323,褐,3032,2592
3324,褪,1256,3085
3325,隧,1252,3086
3326,嫡,758,3276
3327,缨,500,3401
3328,撵,716,3297
3329,撩,1025,3183
3330,撮,1049,3167
3331,撬,900,3230
3332,擒,2328,2754
3333,墩,972,3203
3334,撰,4863,2267
3335,鞍,1545,2988
3336,蕊,1373,3047
3337,蕴,3110,2571
3338,樊,1346,3056
3339,樟,545,3378
3340,橄,1043,3171
3341,敷,2548,2703
3342,豌,453,3416
3343,醇,3433,2509
3344,磕,1909,2860
3345,磅,2064,2822
3346,碾,820,3254
3347,憋,1588,2972
3348,嘶,2587,2692
3349,嘲,4709,2292
3350,嘹,271,3467
3351,蝠,1259,3082
3352,蝎,616,3337
3353,蝌,514,3394
3354,蝗,1360,3052
3355,蝙,679,3309
3356,嘿,4102,2386
3357,幢,3376,2514
3358,镊,125,3489
3359,镐,451,3419
3360,稽,4085,2390
3361,篓,572,3361
3362,膘,205,3477
3363,鲤,1479,3012
3364,鲫,464,3412
3365,褒,987,3194
3366,瘪,694,3303
3367,瘤,5875,2117
3368,瘫,2399,2734
3369,凛,1870,2880
3370,澎,1056,3163
3371,潭,2665,2671
3372,潦,765,3274
3373,澳,11475,1624
3374,潘,6477,2054
3375,澈,1202,3102
3376,澜,2539,2704
3377,澄,2649,2675
3378,憔,1030,3178
3379,懊,1462,3014
3380,憎,3169,2557
3381,翩,1414,3028
3382,褥,1081,3147
3383,谴,3619,2482
3384,鹤,3133,2562
3385,憨,780,3267
3386,履,9091,1794
3387,嬉,1183,3107
3388,豫,7590,1944
3389,缭,867,3241
3390,撼,1922,2856
3391,擂,819,3255
3392,擅,4372,2342
3393,蕾,1268,3079
3394,薛,7630,1941
3395,薇,1504,3003
3396,擎,1768,2910
3397,翰,8279,1872
3398,噩,1133,3126
3399,橱,1806,2902
3400,橙,946,3211
3401,瓢,766,3270
3402,蟥,61,3496
3403,霍,15034,1439
3404,霎,1296,3074
3405,辙,1466,3013
3406,冀,3487,2500
3407,踱,1878,2874
3408,蹂,691,3304
3409,蟆,664,3319
3410,螃,614,3341
3411,螟,152,3485
3412,噪,2501,2712
3413,鹦,1049,3168
3414,黔,582,3354
3415,穆,10592,1676
3416,篡,1137,3125
3417,篷,3315,2525
3418,篙,276,3466
3419,篱,1558,2982
3420,儒,7004,1994
3421,膳,1315,3066
3422,鲸,3158,2558
3423,瘾,1379,3045
3424,瘸,609,3343
3425,糙,1631,2957
3426,燎,556,3369
3427,濒,1569,2978
3428,憾,5036,2238
3429,懈,2893,2620
3430,窿,668,3316
3431,缰,661,3321
3432,壕,1709,2929
3433,藐,750,3279
3434,檬,613,3342
3435,檐,1667,2946
3436,檩,96,3492
3437,檀,1119,3133
3438,礁,2017,2829
3439,磷,2012,2833
3440,瞭,395,3439
3441,瞬,6119,2094
3442,瞳,769,3269
3443,瞪,6644,2035
3444,曙,1171,3113
3445,蹋,826,3252
3446,蟋,734,3289
3447,蟀,717,3296
3448,嚎,1408,3034
3449,赡,627,3332
3450,镣,363,3445
3451,魏,11161,1644
3452,簇,2173,2785
3453,儡,581,3355
3454,徽,5000,2246
3455,爵,7902,1914
3456,朦,2394,2737
3457,臊,372,3442
3458,鳄,734,3290
3459,糜,789,3263
3460,癌,9114,1791
3461,懦,1531,2992
3462,豁,2013,2832
3463,臀,1489,3009
3464,藕,619,3336
3465,藤,5514,2173
3466,瞻,2005,2835
3467,嚣,1930,2852
3468,鳍,2491,2714
3469,癞,450,3420
3470,瀑,1497,3005
3471,襟,2346,2747
3472,璧,929,3219
3473,戳,2051,2825
3474,攒,977,3199
3475,孽,2063,2823
3476,蘑,998,3189
3477,藻,3035,2590
3478,鳖,598,3350
3479,蹭,793,3262
3480,蹬,1233,3092
3481,簸,937,3217
3482,簿,2333,2752
3483,蟹,1771,2908
3484,靡,1715,2924
3485,癣,543,3381
3486,羹,624,3333
3487,鬓,758,3277
3488,攘,1138,3124
3489,蠕,1028,3181
3490,巍,1485,3010
3491,鳞,2635,2681
3492,糯,455,3415
3493,譬,3985,2402
3494,霹,1095,3139
3495,躏,688,3306
3496,髓,2474,2721
3497,蘸,609,3344
3498,镶,1950,2846
3499,瓤,175,3482
3500,矗,1843,2892
